"","species1","species2","SI"
"1","Achillea.millefolium","Achillea.millefolium"," 0.000000e+00"
"2","Agoseris.aurantiaca","Achillea.millefolium"," 3.333333e-01"
"3","Androsace.septentrionalis","Achillea.millefolium"," 1.110223e-16"
"4","Artemisia.tridentata","Achillea.millefolium"," 3.333333e-01"
"5","Chrysothamnus.viscidiflorus","Achillea.millefolium"," 6.666667e-01"
"6","Cirsium.arvense","Achillea.millefolium"," 3.333333e-01"
"7","Collomia.linearis","Achillea.millefolium"," 8.088235e-02"
"8","Delphinium.nelsonii","Achillea.millefolium"," 1.110223e-16"
"9","Erigeron.speciosus","Achillea.millefolium"," 2.594142e-01"
"10","Eriogonum.umbellatum","Achillea.millefolium"," 3.333333e-01"
"11","Gayophytum.diffusum","Achillea.millefolium"," 1.110223e-16"
"12","Geranium.richardsonii","Achillea.millefolium"," 3.568627e-01"
"13","Lathyrus.leucanthus","Achillea.millefolium"," 1.110223e-16"
"14","Linaria.vulgaris","Achillea.millefolium"," 3.333333e-01"
"15","Lupinus.bakeri","Achillea.millefolium"," 8.571429e-02"
"16","Madia.glomerata","Achillea.millefolium"," 3.333333e-01"
"17","Mertensia.ciliata","Achillea.millefolium",NA
"18","Potentilla.fruticosa","Achillea.millefolium"," 4.926108e-01"
"19","Potentilla.gracilis","Achillea.millefolium"," 1.136364e-01"
"20","Ranunculus.inamoenus","Achillea.millefolium"," 1.110223e-16"
"21","Taraxacum.officinales","Achillea.millefolium"," 1.110223e-16"
"22","Valeriana.occidentalis","Achillea.millefolium"," 1.110223e-16"
"23","Veratrum.tenuipetalum","Achillea.millefolium"," 1.110223e-16"
"24","Achillea.millefolium","Agoseris.aurantiaca"," 3.333333e-01"
"25","Agoseris.aurantiaca","Agoseris.aurantiaca"," 0.000000e+00"
"26","Androsace.septentrionalis","Agoseris.aurantiaca"," 0.000000e+00"
"27","Artemisia.tridentata","Agoseris.aurantiaca"," 0.000000e+00"
"28","Chrysothamnus.viscidiflorus","Agoseris.aurantiaca"," 0.000000e+00"
"29","Cirsium.arvense","Agoseris.aurantiaca"," 0.000000e+00"
"30","Collomia.linearis","Agoseris.aurantiaca"," 7.720588e-02"
"31","Delphinium.nelsonii","Agoseris.aurantiaca"," 0.000000e+00"
"32","Erigeron.speciosus","Agoseris.aurantiaca"," 1.506276e-01"
"33","Eriogonum.umbellatum","Agoseris.aurantiaca"," 4.814815e-01"
"34","Gayophytum.diffusum","Agoseris.aurantiaca"," 0.000000e+00"
"35","Geranium.richardsonii","Agoseris.aurantiaca"," 3.764706e-01"
"36","Lathyrus.leucanthus","Agoseris.aurantiaca"," 0.000000e+00"
"37","Linaria.vulgaris","Agoseris.aurantiaca"," 0.000000e+00"
"38","Lupinus.bakeri","Agoseris.aurantiaca"," 8.571429e-02"
"39","Madia.glomerata","Agoseris.aurantiaca"," 0.000000e+00"
"40","Mertensia.ciliata","Agoseris.aurantiaca",NA
"41","Potentilla.fruticosa","Agoseris.aurantiaca"," 1.921182e-01"
"42","Potentilla.gracilis","Agoseris.aurantiaca"," 1.136364e-01"
"43","Ranunculus.inamoenus","Agoseris.aurantiaca"," 0.000000e+00"
"44","Taraxacum.officinales","Agoseris.aurantiaca"," 0.000000e+00"
"45","Valeriana.occidentalis","Agoseris.aurantiaca"," 0.000000e+00"
"46","Veratrum.tenuipetalum","Agoseris.aurantiaca"," 0.000000e+00"
"47","Achillea.millefolium","Androsace.septentrionalis"," 1.110223e-16"
"48","Agoseris.aurantiaca","Androsace.septentrionalis"," 0.000000e+00"
"49","Androsace.septentrionalis","Androsace.septentrionalis"," 0.000000e+00"
"50","Artemisia.tridentata","Androsace.septentrionalis"," 0.000000e+00"
"51","Chrysothamnus.viscidiflorus","Androsace.septentrionalis"," 0.000000e+00"
"52","Cirsium.arvense","Androsace.septentrionalis"," 0.000000e+00"
"53","Collomia.linearis","Androsace.septentrionalis"," 0.000000e+00"
"54","Delphinium.nelsonii","Androsace.septentrionalis"," 0.000000e+00"
"55","Erigeron.speciosus","Androsace.septentrionalis"," 0.000000e+00"
"56","Eriogonum.umbellatum","Androsace.septentrionalis"," 0.000000e+00"
"57","Gayophytum.diffusum","Androsace.septentrionalis"," 0.000000e+00"
"58","Geranium.richardsonii","Androsace.septentrionalis"," 1.176471e-02"
"59","Lathyrus.leucanthus","Androsace.septentrionalis"," 4.444444e-01"
"60","Linaria.vulgaris","Androsace.septentrionalis"," 0.000000e+00"
"61","Lupinus.bakeri","Androsace.septentrionalis"," 6.000000e-01"
"62","Madia.glomerata","Androsace.septentrionalis"," 0.000000e+00"
"63","Mertensia.ciliata","Androsace.septentrionalis",NA
"64","Potentilla.fruticosa","Androsace.septentrionalis"," 1.477833e-02"
"65","Potentilla.gracilis","Androsace.septentrionalis"," 1.110223e-16"
"66","Ranunculus.inamoenus","Androsace.septentrionalis"," 0.000000e+00"
"67","Taraxacum.officinales","Androsace.septentrionalis"," 5.833333e-01"
"68","Valeriana.occidentalis","Androsace.septentrionalis"," 0.000000e+00"
"69","Veratrum.tenuipetalum","Androsace.septentrionalis"," 0.000000e+00"
"70","Achillea.millefolium","Artemisia.tridentata"," 3.333333e-01"
"71","Agoseris.aurantiaca","Artemisia.tridentata"," 0.000000e+00"
"72","Androsace.septentrionalis","Artemisia.tridentata"," 0.000000e+00"
"73","Artemisia.tridentata","Artemisia.tridentata"," 0.000000e+00"
"74","Chrysothamnus.viscidiflorus","Artemisia.tridentata"," 6.428571e-01"
"75","Cirsium.arvense","Artemisia.tridentata"," 1.000000e+00"
"76","Collomia.linearis","Artemisia.tridentata"," 3.676471e-03"
"77","Delphinium.nelsonii","Artemisia.tridentata"," 0.000000e+00"
"78","Erigeron.speciosus","Artemisia.tridentata"," 4.602510e-02"
"79","Eriogonum.umbellatum","Artemisia.tridentata"," 0.000000e+00"
"80","Gayophytum.diffusum","Artemisia.tridentata"," 0.000000e+00"
"81","Geranium.richardsonii","Artemisia.tridentata"," 0.000000e+00"
"82","Lathyrus.leucanthus","Artemisia.tridentata"," 0.000000e+00"
"83","Linaria.vulgaris","Artemisia.tridentata"," 0.000000e+00"
"84","Lupinus.bakeri","Artemisia.tridentata"," 0.000000e+00"
"85","Madia.glomerata","Artemisia.tridentata"," 1.000000e+00"
"86","Mertensia.ciliata","Artemisia.tridentata",NA
"87","Potentilla.fruticosa","Artemisia.tridentata"," 1.822660e-01"
"88","Potentilla.gracilis","Artemisia.tridentata"," 0.000000e+00"
"89","Ranunculus.inamoenus","Artemisia.tridentata"," 0.000000e+00"
"90","Taraxacum.officinales","Artemisia.tridentata"," 0.000000e+00"
"91","Valeriana.occidentalis","Artemisia.tridentata"," 0.000000e+00"
"92","Veratrum.tenuipetalum","Artemisia.tridentata"," 0.000000e+00"
"93","Achillea.millefolium","Chrysothamnus.viscidiflorus"," 6.666667e-01"
"94","Agoseris.aurantiaca","Chrysothamnus.viscidiflorus"," 0.000000e+00"
"95","Androsace.septentrionalis","Chrysothamnus.viscidiflorus"," 0.000000e+00"
"96","Artemisia.tridentata","Chrysothamnus.viscidiflorus"," 6.428571e-01"
"97","Chrysothamnus.viscidiflorus","Chrysothamnus.viscidiflorus"," 0.000000e+00"
"98","Cirsium.arvense","Chrysothamnus.viscidiflorus"," 6.428571e-01"
"99","Collomia.linearis","Chrysothamnus.viscidiflorus"," 3.676471e-03"
"100","Delphinium.nelsonii","Chrysothamnus.viscidiflorus"," 0.000000e+00"
"101","Erigeron.speciosus","Chrysothamnus.viscidiflorus"," 1.087866e-01"
"102","Eriogonum.umbellatum","Chrysothamnus.viscidiflorus"," 0.000000e+00"
"103","Gayophytum.diffusum","Chrysothamnus.viscidiflorus"," 0.000000e+00"
"104","Geranium.richardsonii","Chrysothamnus.viscidiflorus"," 2.352941e-02"
"105","Lathyrus.leucanthus","Chrysothamnus.viscidiflorus"," 0.000000e+00"
"106","Linaria.vulgaris","Chrysothamnus.viscidiflorus"," 3.571429e-01"
"107","Lupinus.bakeri","Chrysothamnus.viscidiflorus"," 0.000000e+00"
"108","Madia.glomerata","Chrysothamnus.viscidiflorus"," 6.428571e-01"
"109","Mertensia.ciliata","Chrysothamnus.viscidiflorus",NA
"110","Potentilla.fruticosa","Chrysothamnus.viscidiflorus"," 3.004926e-01"
"111","Potentilla.gracilis","Chrysothamnus.viscidiflorus"," 0.000000e+00"
"112","Ranunculus.inamoenus","Chrysothamnus.viscidiflorus"," 0.000000e+00"
"113","Taraxacum.officinales","Chrysothamnus.viscidiflorus"," 0.000000e+00"
"114","Valeriana.occidentalis","Chrysothamnus.viscidiflorus"," 0.000000e+00"
"115","Veratrum.tenuipetalum","Chrysothamnus.viscidiflorus"," 0.000000e+00"
"116","Achillea.millefolium","Cirsium.arvense"," 3.333333e-01"
"117","Agoseris.aurantiaca","Cirsium.arvense"," 0.000000e+00"
"118","Androsace.septentrionalis","Cirsium.arvense"," 0.000000e+00"
"119","Artemisia.tridentata","Cirsium.arvense"," 1.000000e+00"
"120","Chrysothamnus.viscidiflorus","Cirsium.arvense"," 6.428571e-01"
"121","Cirsium.arvense","Cirsium.arvense"," 0.000000e+00"
"122","Collomia.linearis","Cirsium.arvense"," 3.676471e-03"
"123","Delphinium.nelsonii","Cirsium.arvense"," 0.000000e+00"
"124","Erigeron.speciosus","Cirsium.arvense"," 4.602510e-02"
"125","Eriogonum.umbellatum","Cirsium.arvense"," 0.000000e+00"
"126","Gayophytum.diffusum","Cirsium.arvense"," 0.000000e+00"
"127","Geranium.richardsonii","Cirsium.arvense"," 0.000000e+00"
"128","Lathyrus.leucanthus","Cirsium.arvense"," 0.000000e+00"
"129","Linaria.vulgaris","Cirsium.arvense"," 0.000000e+00"
"130","Lupinus.bakeri","Cirsium.arvense"," 0.000000e+00"
"131","Madia.glomerata","Cirsium.arvense"," 1.000000e+00"
"132","Mertensia.ciliata","Cirsium.arvense",NA
"133","Potentilla.fruticosa","Cirsium.arvense"," 1.822660e-01"
"134","Potentilla.gracilis","Cirsium.arvense"," 0.000000e+00"
"135","Ranunculus.inamoenus","Cirsium.arvense"," 0.000000e+00"
"136","Taraxacum.officinales","Cirsium.arvense"," 0.000000e+00"
"137","Valeriana.occidentalis","Cirsium.arvense"," 0.000000e+00"
"138","Veratrum.tenuipetalum","Cirsium.arvense"," 0.000000e+00"
"139","Achillea.millefolium","Collomia.linearis"," 8.088235e-02"
"140","Agoseris.aurantiaca","Collomia.linearis"," 7.720588e-02"
"141","Androsace.septentrionalis","Collomia.linearis"," 0.000000e+00"
"142","Artemisia.tridentata","Collomia.linearis"," 3.676471e-03"
"143","Chrysothamnus.viscidiflorus","Collomia.linearis"," 3.676471e-03"
"144","Cirsium.arvense","Collomia.linearis"," 3.676471e-03"
"145","Collomia.linearis","Collomia.linearis"," 0.000000e+00"
"146","Delphinium.nelsonii","Collomia.linearis"," 0.000000e+00"
"147","Erigeron.speciosus","Collomia.linearis"," 1.549194e-01"
"148","Eriogonum.umbellatum","Collomia.linearis"," 3.126362e-01"
"149","Gayophytum.diffusum","Collomia.linearis"," 0.000000e+00"
"150","Geranium.richardsonii","Collomia.linearis"," 5.683824e-01"
"151","Lathyrus.leucanthus","Collomia.linearis"," 1.838235e-01"
"152","Linaria.vulgaris","Collomia.linearis"," 0.000000e+00"
"153","Lupinus.bakeri","Collomia.linearis"," 3.914916e-01"
"154","Madia.glomerata","Collomia.linearis"," 3.676471e-03"
"155","Mertensia.ciliata","Collomia.linearis",NA
"156","Potentilla.fruticosa","Collomia.linearis"," 3.365329e-01"
"157","Potentilla.gracilis","Collomia.linearis"," 6.925134e-01"
"158","Ranunculus.inamoenus","Collomia.linearis"," 3.308824e-02"
"159","Taraxacum.officinales","Collomia.linearis"," 0.000000e+00"
"160","Valeriana.occidentalis","Collomia.linearis"," 0.000000e+00"
"161","Veratrum.tenuipetalum","Collomia.linearis"," 6.985294e-02"
"162","Achillea.millefolium","Delphinium.nelsonii"," 1.110223e-16"
"163","Agoseris.aurantiaca","Delphinium.nelsonii"," 0.000000e+00"
"164","Androsace.septentrionalis","Delphinium.nelsonii"," 0.000000e+00"
"165","Artemisia.tridentata","Delphinium.nelsonii"," 0.000000e+00"
"166","Chrysothamnus.viscidiflorus","Delphinium.nelsonii"," 0.000000e+00"
"167","Cirsium.arvense","Delphinium.nelsonii"," 0.000000e+00"
"168","Collomia.linearis","Delphinium.nelsonii"," 0.000000e+00"
"169","Delphinium.nelsonii","Delphinium.nelsonii"," 0.000000e+00"
"170","Erigeron.speciosus","Delphinium.nelsonii"," 0.000000e+00"
"171","Eriogonum.umbellatum","Delphinium.nelsonii"," 0.000000e+00"
"172","Gayophytum.diffusum","Delphinium.nelsonii"," 0.000000e+00"
"173","Geranium.richardsonii","Delphinium.nelsonii"," 0.000000e+00"
"174","Lathyrus.leucanthus","Delphinium.nelsonii"," 0.000000e+00"
"175","Linaria.vulgaris","Delphinium.nelsonii"," 0.000000e+00"
"176","Lupinus.bakeri","Delphinium.nelsonii"," 1.110223e-16"
"177","Madia.glomerata","Delphinium.nelsonii"," 0.000000e+00"
"178","Mertensia.ciliata","Delphinium.nelsonii",NA
"179","Potentilla.fruticosa","Delphinium.nelsonii","-2.220446e-16"
"180","Potentilla.gracilis","Delphinium.nelsonii"," 1.110223e-16"
"181","Ranunculus.inamoenus","Delphinium.nelsonii"," 7.142857e-01"
"182","Taraxacum.officinales","Delphinium.nelsonii"," 4.166667e-01"
"183","Valeriana.occidentalis","Delphinium.nelsonii"," 1.000000e+00"
"184","Veratrum.tenuipetalum","Delphinium.nelsonii"," 0.000000e+00"
"185","Achillea.millefolium","Erigeron.speciosus"," 2.594142e-01"
"186","Agoseris.aurantiaca","Erigeron.speciosus"," 1.506276e-01"
"187","Androsace.septentrionalis","Erigeron.speciosus"," 0.000000e+00"
"188","Artemisia.tridentata","Erigeron.speciosus"," 4.602510e-02"
"189","Chrysothamnus.viscidiflorus","Erigeron.speciosus"," 1.087866e-01"
"190","Cirsium.arvense","Erigeron.speciosus"," 4.602510e-02"
"191","Collomia.linearis","Erigeron.speciosus"," 1.549194e-01"
"192","Delphinium.nelsonii","Erigeron.speciosus"," 0.000000e+00"
"193","Erigeron.speciosus","Erigeron.speciosus"," 0.000000e+00"
"194","Eriogonum.umbellatum","Erigeron.speciosus"," 1.548117e-01"
"195","Gayophytum.diffusum","Erigeron.speciosus"," 3.933054e-01"
"196","Geranium.richardsonii","Erigeron.speciosus"," 3.195176e-01"
"197","Lathyrus.leucanthus","Erigeron.speciosus"," 0.000000e+00"
"198","Linaria.vulgaris","Erigeron.speciosus"," 6.276151e-02"
"199","Lupinus.bakeri","Erigeron.speciosus"," 8.989839e-02"
"200","Madia.glomerata","Erigeron.speciosus"," 4.602510e-02"
"201","Mertensia.ciliata","Erigeron.speciosus",NA
"202","Potentilla.fruticosa","Erigeron.speciosus"," 5.591648e-01"
"203","Potentilla.gracilis","Erigeron.speciosus"," 4.587296e-01"
"204","Ranunculus.inamoenus","Erigeron.speciosus"," 0.000000e+00"
"205","Taraxacum.officinales","Erigeron.speciosus"," 0.000000e+00"
"206","Valeriana.occidentalis","Erigeron.speciosus"," 0.000000e+00"
"207","Veratrum.tenuipetalum","Erigeron.speciosus"," 3.430962e-01"
"208","Achillea.millefolium","Eriogonum.umbellatum"," 3.333333e-01"
"209","Agoseris.aurantiaca","Eriogonum.umbellatum"," 4.814815e-01"
"210","Androsace.septentrionalis","Eriogonum.umbellatum"," 0.000000e+00"
"211","Artemisia.tridentata","Eriogonum.umbellatum"," 0.000000e+00"
"212","Chrysothamnus.viscidiflorus","Eriogonum.umbellatum"," 0.000000e+00"
"213","Cirsium.arvense","Eriogonum.umbellatum"," 0.000000e+00"
"214","Collomia.linearis","Eriogonum.umbellatum"," 3.126362e-01"
"215","Delphinium.nelsonii","Eriogonum.umbellatum"," 0.000000e+00"
"216","Erigeron.speciosus","Eriogonum.umbellatum"," 1.548117e-01"
"217","Eriogonum.umbellatum","Eriogonum.umbellatum"," 0.000000e+00"
"218","Gayophytum.diffusum","Eriogonum.umbellatum"," 0.000000e+00"
"219","Geranium.richardsonii","Eriogonum.umbellatum"," 5.379085e-01"
"220","Lathyrus.leucanthus","Eriogonum.umbellatum"," 4.629630e-01"
"221","Linaria.vulgaris","Eriogonum.umbellatum"," 0.000000e+00"
"222","Lupinus.bakeri","Eriogonum.umbellatum"," 2.756614e-01"
"223","Madia.glomerata","Eriogonum.umbellatum"," 0.000000e+00"
"224","Mertensia.ciliata","Eriogonum.umbellatum",NA
"225","Potentilla.fruticosa","Eriogonum.umbellatum"," 2.969349e-01"
"226","Potentilla.gracilis","Eriogonum.umbellatum"," 2.912458e-01"
"227","Ranunculus.inamoenus","Eriogonum.umbellatum"," 3.703704e-02"
"228","Taraxacum.officinales","Eriogonum.umbellatum"," 0.000000e+00"
"229","Valeriana.occidentalis","Eriogonum.umbellatum"," 0.000000e+00"
"230","Veratrum.tenuipetalum","Eriogonum.umbellatum"," 0.000000e+00"
"231","Achillea.millefolium","Gayophytum.diffusum"," 1.110223e-16"
"232","Agoseris.aurantiaca","Gayophytum.diffusum"," 0.000000e+00"
"233","Androsace.septentrionalis","Gayophytum.diffusum"," 0.000000e+00"
"234","Artemisia.tridentata","Gayophytum.diffusum"," 0.000000e+00"
"235","Chrysothamnus.viscidiflorus","Gayophytum.diffusum"," 0.000000e+00"
"236","Cirsium.arvense","Gayophytum.diffusum"," 0.000000e+00"
"237","Collomia.linearis","Gayophytum.diffusum"," 0.000000e+00"
"238","Delphinium.nelsonii","Gayophytum.diffusum"," 0.000000e+00"
"239","Erigeron.speciosus","Gayophytum.diffusum"," 3.933054e-01"
"240","Eriogonum.umbellatum","Gayophytum.diffusum"," 0.000000e+00"
"241","Gayophytum.diffusum","Gayophytum.diffusum"," 0.000000e+00"
"242","Geranium.richardsonii","Gayophytum.diffusum"," 1.764706e-02"
"243","Lathyrus.leucanthus","Gayophytum.diffusum"," 0.000000e+00"
"244","Linaria.vulgaris","Gayophytum.diffusum"," 0.000000e+00"
"245","Lupinus.bakeri","Gayophytum.diffusum"," 0.000000e+00"
"246","Madia.glomerata","Gayophytum.diffusum"," 0.000000e+00"
"247","Mertensia.ciliata","Gayophytum.diffusum",NA
"248","Potentilla.fruticosa","Gayophytum.diffusum"," 2.118227e-01"
"249","Potentilla.gracilis","Gayophytum.diffusum"," 2.272727e-02"
"250","Ranunculus.inamoenus","Gayophytum.diffusum"," 0.000000e+00"
"251","Taraxacum.officinales","Gayophytum.diffusum"," 0.000000e+00"
"252","Valeriana.occidentalis","Gayophytum.diffusum"," 0.000000e+00"
"253","Veratrum.tenuipetalum","Gayophytum.diffusum"," 0.000000e+00"
"254","Achillea.millefolium","Geranium.richardsonii"," 3.568627e-01"
"255","Agoseris.aurantiaca","Geranium.richardsonii"," 3.764706e-01"
"256","Androsace.septentrionalis","Geranium.richardsonii"," 1.176471e-02"
"257","Artemisia.tridentata","Geranium.richardsonii"," 0.000000e+00"
"258","Chrysothamnus.viscidiflorus","Geranium.richardsonii"," 2.352941e-02"
"259","Cirsium.arvense","Geranium.richardsonii"," 0.000000e+00"
"260","Collomia.linearis","Geranium.richardsonii"," 5.683824e-01"
"261","Delphinium.nelsonii","Geranium.richardsonii"," 0.000000e+00"
"262","Erigeron.speciosus","Geranium.richardsonii"," 3.195176e-01"
"263","Eriogonum.umbellatum","Geranium.richardsonii"," 5.379085e-01"
"264","Gayophytum.diffusum","Geranium.richardsonii"," 1.764706e-02"
"265","Geranium.richardsonii","Geranium.richardsonii"," 0.000000e+00"
"266","Lathyrus.leucanthus","Geranium.richardsonii"," 1.176471e-01"
"267","Linaria.vulgaris","Geranium.richardsonii"," 2.352941e-02"
"268","Lupinus.bakeri","Geranium.richardsonii"," 3.747899e-01"
"269","Madia.glomerata","Geranium.richardsonii"," 0.000000e+00"
"270","Mertensia.ciliata","Geranium.richardsonii",NA
"271","Potentilla.fruticosa","Geranium.richardsonii"," 5.258476e-01"
"272","Potentilla.gracilis","Geranium.richardsonii"," 6.430481e-01"
"273","Ranunculus.inamoenus","Geranium.richardsonii"," 5.882353e-02"
"274","Taraxacum.officinales","Geranium.richardsonii"," 1.176471e-02"
"275","Valeriana.occidentalis","Geranium.richardsonii"," 0.000000e+00"
"276","Veratrum.tenuipetalum","Geranium.richardsonii"," 1.235294e-01"
"277","Achillea.millefolium","Lathyrus.leucanthus"," 1.110223e-16"
"278","Agoseris.aurantiaca","Lathyrus.leucanthus"," 0.000000e+00"
"279","Androsace.septentrionalis","Lathyrus.leucanthus"," 4.444444e-01"
"280","Artemisia.tridentata","Lathyrus.leucanthus"," 0.000000e+00"
"281","Chrysothamnus.viscidiflorus","Lathyrus.leucanthus"," 0.000000e+00"
"282","Cirsium.arvense","Lathyrus.leucanthus"," 0.000000e+00"
"283","Collomia.linearis","Lathyrus.leucanthus"," 1.838235e-01"
"284","Delphinium.nelsonii","Lathyrus.leucanthus"," 0.000000e+00"
"285","Erigeron.speciosus","Lathyrus.leucanthus"," 0.000000e+00"
"286","Eriogonum.umbellatum","Lathyrus.leucanthus"," 4.629630e-01"
"287","Gayophytum.diffusum","Lathyrus.leucanthus"," 0.000000e+00"
"288","Geranium.richardsonii","Lathyrus.leucanthus"," 1.176471e-01"
"289","Lathyrus.leucanthus","Lathyrus.leucanthus"," 0.000000e+00"
"290","Linaria.vulgaris","Lathyrus.leucanthus"," 0.000000e+00"
"291","Lupinus.bakeri","Lathyrus.leucanthus"," 5.873016e-01"
"292","Madia.glomerata","Lathyrus.leucanthus"," 0.000000e+00"
"293","Mertensia.ciliata","Lathyrus.leucanthus",NA
"294","Potentilla.fruticosa","Lathyrus.leucanthus"," 6.403941e-02"
"295","Potentilla.gracilis","Lathyrus.leucanthus"," 1.590909e-01"
"296","Ranunculus.inamoenus","Lathyrus.leucanthus"," 1.110223e-16"
"297","Taraxacum.officinales","Lathyrus.leucanthus"," 4.444444e-01"
"298","Valeriana.occidentalis","Lathyrus.leucanthus"," 0.000000e+00"
"299","Veratrum.tenuipetalum","Lathyrus.leucanthus"," 0.000000e+00"
"300","Achillea.millefolium","Linaria.vulgaris"," 3.333333e-01"
"301","Agoseris.aurantiaca","Linaria.vulgaris"," 0.000000e+00"
"302","Androsace.septentrionalis","Linaria.vulgaris"," 0.000000e+00"
"303","Artemisia.tridentata","Linaria.vulgaris"," 0.000000e+00"
"304","Chrysothamnus.viscidiflorus","Linaria.vulgaris"," 3.571429e-01"
"305","Cirsium.arvense","Linaria.vulgaris"," 0.000000e+00"
"306","Collomia.linearis","Linaria.vulgaris"," 0.000000e+00"
"307","Delphinium.nelsonii","Linaria.vulgaris"," 0.000000e+00"
"308","Erigeron.speciosus","Linaria.vulgaris"," 6.276151e-02"
"309","Eriogonum.umbellatum","Linaria.vulgaris"," 0.000000e+00"
"310","Gayophytum.diffusum","Linaria.vulgaris"," 0.000000e+00"
"311","Geranium.richardsonii","Linaria.vulgaris"," 2.352941e-02"
"312","Lathyrus.leucanthus","Linaria.vulgaris"," 0.000000e+00"
"313","Linaria.vulgaris","Linaria.vulgaris"," 0.000000e+00"
"314","Lupinus.bakeri","Linaria.vulgaris"," 0.000000e+00"
"315","Madia.glomerata","Linaria.vulgaris"," 0.000000e+00"
"316","Mertensia.ciliata","Linaria.vulgaris",NA
"317","Potentilla.fruticosa","Linaria.vulgaris"," 1.182266e-01"
"318","Potentilla.gracilis","Linaria.vulgaris"," 0.000000e+00"
"319","Ranunculus.inamoenus","Linaria.vulgaris"," 0.000000e+00"
"320","Taraxacum.officinales","Linaria.vulgaris"," 0.000000e+00"
"321","Valeriana.occidentalis","Linaria.vulgaris"," 0.000000e+00"
"322","Veratrum.tenuipetalum","Linaria.vulgaris"," 0.000000e+00"
"323","Achillea.millefolium","Lupinus.bakeri"," 8.571429e-02"
"324","Agoseris.aurantiaca","Lupinus.bakeri"," 8.571429e-02"
"325","Androsace.septentrionalis","Lupinus.bakeri"," 6.000000e-01"
"326","Artemisia.tridentata","Lupinus.bakeri"," 0.000000e+00"
"327","Chrysothamnus.viscidiflorus","Lupinus.bakeri"," 0.000000e+00"
"328","Cirsium.arvense","Lupinus.bakeri"," 0.000000e+00"
"329","Collomia.linearis","Lupinus.bakeri"," 3.914916e-01"
"330","Delphinium.nelsonii","Lupinus.bakeri"," 1.110223e-16"
"331","Erigeron.speciosus","Lupinus.bakeri"," 8.989839e-02"
"332","Eriogonum.umbellatum","Lupinus.bakeri"," 2.756614e-01"
"333","Gayophytum.diffusum","Lupinus.bakeri"," 0.000000e+00"
"334","Geranium.richardsonii","Lupinus.bakeri"," 3.747899e-01"
"335","Lathyrus.leucanthus","Lupinus.bakeri"," 5.873016e-01"
"336","Linaria.vulgaris","Lupinus.bakeri"," 0.000000e+00"
"337","Lupinus.bakeri","Lupinus.bakeri"," 0.000000e+00"
"338","Madia.glomerata","Lupinus.bakeri"," 0.000000e+00"
"339","Mertensia.ciliata","Lupinus.bakeri",NA
"340","Potentilla.fruticosa","Lupinus.bakeri"," 2.817734e-01"
"341","Potentilla.gracilis","Lupinus.bakeri"," 3.714286e-01"
"342","Ranunculus.inamoenus","Lupinus.bakeri"," 2.857143e-02"
"343","Taraxacum.officinales","Lupinus.bakeri"," 5.833333e-01"
"344","Valeriana.occidentalis","Lupinus.bakeri"," 1.110223e-16"
"345","Veratrum.tenuipetalum","Lupinus.bakeri"," 0.000000e+00"
"346","Achillea.millefolium","Madia.glomerata"," 3.333333e-01"
"347","Agoseris.aurantiaca","Madia.glomerata"," 0.000000e+00"
"348","Androsace.septentrionalis","Madia.glomerata"," 0.000000e+00"
"349","Artemisia.tridentata","Madia.glomerata"," 1.000000e+00"
"350","Chrysothamnus.viscidiflorus","Madia.glomerata"," 6.428571e-01"
"351","Cirsium.arvense","Madia.glomerata"," 1.000000e+00"
"352","Collomia.linearis","Madia.glomerata"," 3.676471e-03"
"353","Delphinium.nelsonii","Madia.glomerata"," 0.000000e+00"
"354","Erigeron.speciosus","Madia.glomerata"," 4.602510e-02"
"355","Eriogonum.umbellatum","Madia.glomerata"," 0.000000e+00"
"356","Gayophytum.diffusum","Madia.glomerata"," 0.000000e+00"
"357","Geranium.richardsonii","Madia.glomerata"," 0.000000e+00"
"358","Lathyrus.leucanthus","Madia.glomerata"," 0.000000e+00"
"359","Linaria.vulgaris","Madia.glomerata"," 0.000000e+00"
"360","Lupinus.bakeri","Madia.glomerata"," 0.000000e+00"
"361","Madia.glomerata","Madia.glomerata"," 0.000000e+00"
"362","Mertensia.ciliata","Madia.glomerata",NA
"363","Potentilla.fruticosa","Madia.glomerata"," 1.822660e-01"
"364","Potentilla.gracilis","Madia.glomerata"," 0.000000e+00"
"365","Ranunculus.inamoenus","Madia.glomerata"," 0.000000e+00"
"366","Taraxacum.officinales","Madia.glomerata"," 0.000000e+00"
"367","Valeriana.occidentalis","Madia.glomerata"," 0.000000e+00"
"368","Veratrum.tenuipetalum","Madia.glomerata"," 0.000000e+00"
"369","Achillea.millefolium","Mertensia.ciliata",NA
"370","Agoseris.aurantiaca","Mertensia.ciliata",NA
"371","Androsace.septentrionalis","Mertensia.ciliata",NA
"372","Artemisia.tridentata","Mertensia.ciliata",NA
"373","Chrysothamnus.viscidiflorus","Mertensia.ciliata",NA
"374","Cirsium.arvense","Mertensia.ciliata",NA
"375","Collomia.linearis","Mertensia.ciliata",NA
"376","Delphinium.nelsonii","Mertensia.ciliata",NA
"377","Erigeron.speciosus","Mertensia.ciliata",NA
"378","Eriogonum.umbellatum","Mertensia.ciliata",NA
"379","Gayophytum.diffusum","Mertensia.ciliata",NA
"380","Geranium.richardsonii","Mertensia.ciliata",NA
"381","Lathyrus.leucanthus","Mertensia.ciliata",NA
"382","Linaria.vulgaris","Mertensia.ciliata",NA
"383","Lupinus.bakeri","Mertensia.ciliata",NA
"384","Madia.glomerata","Mertensia.ciliata",NA
"385","Mertensia.ciliata","Mertensia.ciliata"," 0.000000e+00"
"386","Potentilla.fruticosa","Mertensia.ciliata",NA
"387","Potentilla.gracilis","Mertensia.ciliata",NA
"388","Ranunculus.inamoenus","Mertensia.ciliata",NA
"389","Taraxacum.officinales","Mertensia.ciliata",NA
"390","Valeriana.occidentalis","Mertensia.ciliata",NA
"391","Veratrum.tenuipetalum","Mertensia.ciliata",NA
"392","Achillea.millefolium","Potentilla.fruticosa"," 4.926108e-01"
"393","Agoseris.aurantiaca","Potentilla.fruticosa"," 1.921182e-01"
"394","Androsace.septentrionalis","Potentilla.fruticosa"," 1.477833e-02"
"395","Artemisia.tridentata","Potentilla.fruticosa"," 1.822660e-01"
"396","Chrysothamnus.viscidiflorus","Potentilla.fruticosa"," 3.004926e-01"
"397","Cirsium.arvense","Potentilla.fruticosa"," 1.822660e-01"
"398","Collomia.linearis","Potentilla.fruticosa"," 3.365329e-01"
"399","Delphinium.nelsonii","Potentilla.fruticosa","-2.220446e-16"
"400","Erigeron.speciosus","Potentilla.fruticosa"," 5.591648e-01"
"401","Eriogonum.umbellatum","Potentilla.fruticosa"," 2.969349e-01"
"402","Gayophytum.diffusum","Potentilla.fruticosa"," 2.118227e-01"
"403","Geranium.richardsonii","Potentilla.fruticosa"," 5.258476e-01"
"404","Lathyrus.leucanthus","Potentilla.fruticosa"," 6.403941e-02"
"405","Linaria.vulgaris","Potentilla.fruticosa"," 1.182266e-01"
"406","Lupinus.bakeri","Potentilla.fruticosa"," 2.817734e-01"
"407","Madia.glomerata","Potentilla.fruticosa"," 1.822660e-01"
"408","Mertensia.ciliata","Potentilla.fruticosa",NA
"409","Potentilla.fruticosa","Potentilla.fruticosa"," 0.000000e+00"
"410","Potentilla.gracilis","Potentilla.fruticosa"," 3.728168e-01"
"411","Ranunculus.inamoenus","Potentilla.fruticosa"," 4.433498e-02"
"412","Taraxacum.officinales","Potentilla.fruticosa"," 1.477833e-02"
"413","Valeriana.occidentalis","Potentilla.fruticosa","-2.220446e-16"
"414","Veratrum.tenuipetalum","Potentilla.fruticosa"," 8.374384e-02"
"415","Achillea.millefolium","Potentilla.gracilis"," 1.136364e-01"
"416","Agoseris.aurantiaca","Potentilla.gracilis"," 1.136364e-01"
"417","Androsace.septentrionalis","Potentilla.gracilis"," 1.110223e-16"
"418","Artemisia.tridentata","Potentilla.gracilis"," 0.000000e+00"
"419","Chrysothamnus.viscidiflorus","Potentilla.gracilis"," 0.000000e+00"
"420","Cirsium.arvense","Potentilla.gracilis"," 0.000000e+00"
"421","Collomia.linearis","Potentilla.gracilis"," 6.925134e-01"
"422","Delphinium.nelsonii","Potentilla.gracilis"," 1.110223e-16"
"423","Erigeron.speciosus","Potentilla.gracilis"," 4.587296e-01"
"424","Eriogonum.umbellatum","Potentilla.gracilis"," 2.912458e-01"
"425","Gayophytum.diffusum","Potentilla.gracilis"," 2.272727e-02"
"426","Geranium.richardsonii","Potentilla.gracilis"," 6.430481e-01"
"427","Lathyrus.leucanthus","Potentilla.gracilis"," 1.590909e-01"
"428","Linaria.vulgaris","Potentilla.gracilis"," 0.000000e+00"
"429","Lupinus.bakeri","Potentilla.gracilis"," 3.714286e-01"
"430","Madia.glomerata","Potentilla.gracilis"," 0.000000e+00"
"431","Mertensia.ciliata","Potentilla.gracilis",NA
"432","Potentilla.fruticosa","Potentilla.gracilis"," 3.728168e-01"
"433","Potentilla.gracilis","Potentilla.gracilis"," 0.000000e+00"
"434","Ranunculus.inamoenus","Potentilla.gracilis"," 1.110223e-16"
"435","Taraxacum.officinales","Potentilla.gracilis"," 1.110223e-16"
"436","Valeriana.occidentalis","Potentilla.gracilis"," 1.110223e-16"
"437","Veratrum.tenuipetalum","Potentilla.gracilis"," 3.181818e-01"
"438","Achillea.millefolium","Ranunculus.inamoenus"," 1.110223e-16"
"439","Agoseris.aurantiaca","Ranunculus.inamoenus"," 0.000000e+00"
"440","Androsace.septentrionalis","Ranunculus.inamoenus"," 0.000000e+00"
"441","Artemisia.tridentata","Ranunculus.inamoenus"," 0.000000e+00"
"442","Chrysothamnus.viscidiflorus","Ranunculus.inamoenus"," 0.000000e+00"
"443","Cirsium.arvense","Ranunculus.inamoenus"," 0.000000e+00"
"444","Collomia.linearis","Ranunculus.inamoenus"," 3.308824e-02"
"445","Delphinium.nelsonii","Ranunculus.inamoenus"," 7.142857e-01"
"446","Erigeron.speciosus","Ranunculus.inamoenus"," 0.000000e+00"
"447","Eriogonum.umbellatum","Ranunculus.inamoenus"," 3.703704e-02"
"448","Gayophytum.diffusum","Ranunculus.inamoenus"," 0.000000e+00"
"449","Geranium.richardsonii","Ranunculus.inamoenus"," 5.882353e-02"
"450","Lathyrus.leucanthus","Ranunculus.inamoenus"," 1.110223e-16"
"451","Linaria.vulgaris","Ranunculus.inamoenus"," 0.000000e+00"
"452","Lupinus.bakeri","Ranunculus.inamoenus"," 2.857143e-02"
"453","Madia.glomerata","Ranunculus.inamoenus"," 0.000000e+00"
"454","Mertensia.ciliata","Ranunculus.inamoenus",NA
"455","Potentilla.fruticosa","Ranunculus.inamoenus"," 4.433498e-02"
"456","Potentilla.gracilis","Ranunculus.inamoenus"," 1.110223e-16"
"457","Ranunculus.inamoenus","Ranunculus.inamoenus"," 0.000000e+00"
"458","Taraxacum.officinales","Ranunculus.inamoenus"," 4.166667e-01"
"459","Valeriana.occidentalis","Ranunculus.inamoenus"," 7.142857e-01"
"460","Veratrum.tenuipetalum","Ranunculus.inamoenus"," 0.000000e+00"
"461","Achillea.millefolium","Taraxacum.officinales"," 1.110223e-16"
"462","Agoseris.aurantiaca","Taraxacum.officinales"," 0.000000e+00"
"463","Androsace.septentrionalis","Taraxacum.officinales"," 5.833333e-01"
"464","Artemisia.tridentata","Taraxacum.officinales"," 0.000000e+00"
"465","Chrysothamnus.viscidiflorus","Taraxacum.officinales"," 0.000000e+00"
"466","Cirsium.arvense","Taraxacum.officinales"," 0.000000e+00"
"467","Collomia.linearis","Taraxacum.officinales"," 0.000000e+00"
"468","Delphinium.nelsonii","Taraxacum.officinales"," 4.166667e-01"
"469","Erigeron.speciosus","Taraxacum.officinales"," 0.000000e+00"
"470","Eriogonum.umbellatum","Taraxacum.officinales"," 0.000000e+00"
"471","Gayophytum.diffusum","Taraxacum.officinales"," 0.000000e+00"
"472","Geranium.richardsonii","Taraxacum.officinales"," 1.176471e-02"
"473","Lathyrus.leucanthus","Taraxacum.officinales"," 4.444444e-01"
"474","Linaria.vulgaris","Taraxacum.officinales"," 0.000000e+00"
"475","Lupinus.bakeri","Taraxacum.officinales"," 5.833333e-01"
"476","Madia.glomerata","Taraxacum.officinales"," 0.000000e+00"
"477","Mertensia.ciliata","Taraxacum.officinales",NA
"478","Potentilla.fruticosa","Taraxacum.officinales"," 1.477833e-02"
"479","Potentilla.gracilis","Taraxacum.officinales"," 1.110223e-16"
"480","Ranunculus.inamoenus","Taraxacum.officinales"," 4.166667e-01"
"481","Taraxacum.officinales","Taraxacum.officinales"," 0.000000e+00"
"482","Valeriana.occidentalis","Taraxacum.officinales"," 4.166667e-01"
"483","Veratrum.tenuipetalum","Taraxacum.officinales"," 0.000000e+00"
"484","Achillea.millefolium","Valeriana.occidentalis"," 1.110223e-16"
"485","Agoseris.aurantiaca","Valeriana.occidentalis"," 0.000000e+00"
"486","Androsace.septentrionalis","Valeriana.occidentalis"," 0.000000e+00"
"487","Artemisia.tridentata","Valeriana.occidentalis"," 0.000000e+00"
"488","Chrysothamnus.viscidiflorus","Valeriana.occidentalis"," 0.000000e+00"
"489","Cirsium.arvense","Valeriana.occidentalis"," 0.000000e+00"
"490","Collomia.linearis","Valeriana.occidentalis"," 0.000000e+00"
"491","Delphinium.nelsonii","Valeriana.occidentalis"," 1.000000e+00"
"492","Erigeron.speciosus","Valeriana.occidentalis"," 0.000000e+00"
"493","Eriogonum.umbellatum","Valeriana.occidentalis"," 0.000000e+00"
"494","Gayophytum.diffusum","Valeriana.occidentalis"," 0.000000e+00"
"495","Geranium.richardsonii","Valeriana.occidentalis"," 0.000000e+00"
"496","Lathyrus.leucanthus","Valeriana.occidentalis"," 0.000000e+00"
"497","Linaria.vulgaris","Valeriana.occidentalis"," 0.000000e+00"
"498","Lupinus.bakeri","Valeriana.occidentalis"," 1.110223e-16"
"499","Madia.glomerata","Valeriana.occidentalis"," 0.000000e+00"
"500","Mertensia.ciliata","Valeriana.occidentalis",NA
"501","Potentilla.fruticosa","Valeriana.occidentalis","-2.220446e-16"
"502","Potentilla.gracilis","Valeriana.occidentalis"," 1.110223e-16"
"503","Ranunculus.inamoenus","Valeriana.occidentalis"," 7.142857e-01"
"504","Taraxacum.officinales","Valeriana.occidentalis"," 4.166667e-01"
"505","Valeriana.occidentalis","Valeriana.occidentalis"," 0.000000e+00"
"506","Veratrum.tenuipetalum","Valeriana.occidentalis"," 0.000000e+00"
"507","Achillea.millefolium","Veratrum.tenuipetalum"," 1.110223e-16"
"508","Agoseris.aurantiaca","Veratrum.tenuipetalum"," 0.000000e+00"
"509","Androsace.septentrionalis","Veratrum.tenuipetalum"," 0.000000e+00"
"510","Artemisia.tridentata","Veratrum.tenuipetalum"," 0.000000e+00"
"511","Chrysothamnus.viscidiflorus","Veratrum.tenuipetalum"," 0.000000e+00"
"512","Cirsium.arvense","Veratrum.tenuipetalum"," 0.000000e+00"
"513","Collomia.linearis","Veratrum.tenuipetalum"," 6.985294e-02"
"514","Delphinium.nelsonii","Veratrum.tenuipetalum"," 0.000000e+00"
"515","Erigeron.speciosus","Veratrum.tenuipetalum"," 3.430962e-01"
"516","Eriogonum.umbellatum","Veratrum.tenuipetalum"," 0.000000e+00"
"517","Gayophytum.diffusum","Veratrum.tenuipetalum"," 0.000000e+00"
"518","Geranium.richardsonii","Veratrum.tenuipetalum"," 1.235294e-01"
"519","Lathyrus.leucanthus","Veratrum.tenuipetalum"," 0.000000e+00"
"520","Linaria.vulgaris","Veratrum.tenuipetalum"," 0.000000e+00"
"521","Lupinus.bakeri","Veratrum.tenuipetalum"," 0.000000e+00"
"522","Madia.glomerata","Veratrum.tenuipetalum"," 0.000000e+00"
"523","Mertensia.ciliata","Veratrum.tenuipetalum",NA
"524","Potentilla.fruticosa","Veratrum.tenuipetalum"," 8.374384e-02"
"525","Potentilla.gracilis","Veratrum.tenuipetalum"," 3.181818e-01"
"526","Ranunculus.inamoenus","Veratrum.tenuipetalum"," 0.000000e+00"
"527","Taraxacum.officinales","Veratrum.tenuipetalum"," 0.000000e+00"
"528","Valeriana.occidentalis","Veratrum.tenuipetalum"," 0.000000e+00"
"529","Veratrum.tenuipetalum","Veratrum.tenuipetalum"," 0.000000e+00"
